LAPORAN LAPORAN ANGGOTA;;;;;
;;;;;
no_anggota;nama;fraksi;dapil;jenis_kelamin;
1;H. IRMAWAN, S.Sos., M.M.;Fraksi Partai Kebangkitan Bangsa;ACEH I;L;
2;H. RUSLAN M. DAUD, S.E., M.A.P.;Fraksi Partai Kebangkitan Bangsa;ACEH II;L;
3;H. ASHARI TAMBUNAN;Fraksi Partai Kebangkitan Bangsa;SUMATERA UTARA I;L;
4;H. MARWAN DASOPANG, M.Si.;Fraksi Partai Kebangkitan Bangsa;SUMATERA UTARA II;L;
5;RICO ALVIANO, S.T.;Fraksi Partai Kebangkitan Bangsa;SUMATERA BARAT I;L;
6;IYETH BUSTAMI;Fraksi Partai Kebangkitan Bangsa;RIAU I;P;
7;H. MAFIRION;Fraksi Partai Kebangkitan Bangsa;RIAU II;L;
8;ELPISINA, S.Sos., M.Si.;Fraksi Partai Kebangkitan Bangsa;JAMBI;L;
9;H. S. N. PRANA PUTRA SOHE;Fraksi Partai Kebangkitan Bangsa;SUMATERA SELATAN I;L;
10;BERTU MERLAS, S.T.;Fraksi Partai Kebangkitan Bangsa;SUMATERA SELATAN II;L;
11;Dr. H. MUHAMMAD KADAFI, S.H., M.H.;Fraksi Partai Kebangkitan Bangsa;LAMPUNG I;L;
12;Hj. CHUSNUNIA CHALIM, Ph.D.;Fraksi Partai Kebangkitan Bangsa;LAMPUNG II;P;
13;H. HASBIALLAH ILYAS, S.Ag.;Fraksi Partai Kebangkitan Bangsa;DKI JAKARTA I;L;
14;Dr. Hj. IDA FAUZIYAH, M.Si;Fraksi Partai Kebangkitan Bangsa;DKI JAKARTA II;P;
15;HABIB SYARIEF MUHAMMAD;Fraksi Partai Kebangkitan Bangsa;JAWA BARAT I;L;
16;Dr. H. CUCUN AHMAD SYAMSURIJAL, M.A.P.;Fraksi Partai Kebangkitan Bangsa;JAWA BARAT II;L;
17;H. ASEP ROMY ROMAYA;Fraksi Partai Kebangkitan Bangsa;JAWA BARAT II;L;
18;NENG EEM MARHAMAH ZULFA HIZ, S.Th.I., M.M.;Fraksi Partai Kebangkitan Bangsa;JAWA BARAT III;P;
19;ZAINUL MUNASICHIN, M.A.;Fraksi Partai Kebangkitan Bangsa;JAWA BARAT IV;L;
20;TOMMY KURNIAWAN, S.Kom.;Fraksi Partai Kebangkitan Bangsa;JAWA BARAT V;L;
21;H. SUDJATMIKO, S.T.;Fraksi Partai Kebangkitan Bangsa;JAWA BARAT VI;L;
22;H. SYAIFUL HUDA, S.I.Kom., M.K.P.;Fraksi Partai Kebangkitan Bangsa;JAWA BARAT VII;L;
23;H. DEDI WAHIDI;Fraksi Partai Kebangkitan Bangsa;JAWA BARAT VIII;L;
24;Dr. K.H. MAMAN IMANUL HAQ, M.M.;Fraksi Partai Kebangkitan Bangsa;JAWA BARAT IX;L;
25;RINA SA'ADAH, Lc., M.Si;Fraksi Partai Kebangkitan Bangsa;JAWA BARAT X;P;
26;IMAS AAN UBUDIAH, S.Pd.I.;Fraksi Partai Kebangkitan Bangsa;JAWA BARAT XI;P;
27;H. OLEH SOLEH, S.H.;Fraksi Partai Kebangkitan Bangsa;JAWA BARAT XI;L;
29;Dr. Hj. HINDUN ANISAH, M.A.;Fraksi Partai Kebangkitan Bangsa;JAWA TENGAH II;P;
30;MARWAN JAFAR, Ph.D.;Fraksi Partai Kebangkitan Bangsa;JAWA TENGAH III;L;
31;EVA MONALISA, S.I.Kom.;Fraksi Partai Kebangkitan Bangsa;JAWA TENGAH III;P;
32;H. MOHAMMAD TOHA, M.Si.;Fraksi Partai Kebangkitan Bangsa;JAWA TENGAH V;L;
33;ABDULLAH;Fraksi Partai Kebangkitan Bangsa;JAWA TENGAH VI;L;
34;Drs. H. TAUFIQ R. ABDULLAH, M.A.P.;Fraksi Partai Kebangkitan Bangsa;JAWA TENGAH VII;L;
35;SITI MUKAROMAH, S.Ag., M.A.P.;Fraksi Partai Kebangkitan Bangsa;JAWA TENGAH VIII;P;
36;EKA WIDODO, S.T.;Fraksi Partai Kebangkitan Bangsa;JAWA TENGAH IX;L;
37;Dr. M. HANIF DHAKIRI, M.Si.;Fraksi Partai Kebangkitan Bangsa;JAWA TENGAH X;L;
38;KAISAR ABU HANIFAH;Fraksi Partai Kebangkitan Bangsa;DAERAH ISTIMEWA YOGYAKARTA;L;
39;Dr. Hj. ARZETI BILBINA SETYAWAN, S.E., M.A.P.;Fraksi Partai Kebangkitan Bangsa;JAWA TIMUR I;P;
40;Dra. Hj. ANISAH SYAKUR, M.Ag.;Fraksi Partai Kebangkitan Bangsa;JAWA TIMUR II;P;
41;H. MUHAMMAD HILMAN MUFIDI, S.E., S.H.;Fraksi Partai Kebangkitan Bangsa;JAWA TIMUR II;L;
42;Dr. Hj. NIHAYATUL WAFIROH, M.A.;Fraksi Partai Kebangkitan Bangsa;JAWA TIMUR III;P;
43;H. M. NASIM KHAN;Fraksi Partai Kebangkitan Bangsa;JAWA TIMUR III;L;
44;H. RIVQY ABDUL HALIM;Fraksi Partai Kebangkitan Bangsa;JAWA TIMUR IV;L;
45;H. MUHAMMAD KHOZIN, M.A.P;Fraksi Partai Kebangkitan Bangsa;JAWA TIMUR IV;L;
46;M. HASANUDDIN WAHID, S.Ag., M.Hum.;Fraksi Partai Kebangkitan Bangsa;JAWA TIMUR V;L;
47;ALI AHMAD, S.H.;Fraksi Partai Kebangkitan Bangsa;JAWA TIMUR V;L;
48;Dr. Hj. ANGGIA ERMA RINI, M.K.M.;Fraksi Partai Kebangkitan Bangsa;JAWA TIMUR VI;P;
49;H. AN'IM FALACHUDDIN;Fraksi Partai Kebangkitan Bangsa;JAWA TIMUR VI;L;
50;H. A. IMAN SUKRI, M.Hum.;Fraksi Partai Kebangkitan Bangsa;JAWA TIMUR VII;L;
51;RUSDI KIRANA, S.E.;Fraksi Partai Kebangkitan Bangsa;JAWA TIMUR VIII;L;
52;Prof. Dr. (H.C). Drs. H. A. HALIM ISKANDAR, M.Pd.;Fraksi Partai Kebangkitan Bangsa;JAWA TIMUR VIII;L;
53;DR. Hj. ANNA MU'AWANAH, S.E., M.H.;Fraksi Partai Kebangkitan Bangsa;JAWA TIMUR IX;P;
54;Hj. RATNA JUWITA SARI, S.E., M.M.;Fraksi Partai Kebangkitan Bangsa;JAWA TIMUR IX;P;
55;Dr. H. JAZILUL FAWAID, S.Q., M.A.;Fraksi Partai Kebangkitan Bangsa;JAWA TIMUR X;L;
56;H. SYAFIUDDIN, S.Sos., M.H.;Fraksi Partai Kebangkitan Bangsa;JAWA TIMUR XI;L;
57;AHMAD FAUZI;Fraksi Partai Kebangkitan Bangsa;BANTEN I;L;
58;MOH. RANO ALFATH, S.H., M.H.;Fraksi Partai Kebangkitan Bangsa;BANTEN III;L;
59;Hj. MAHDALENA, S.S., M.M.;Fraksi Partai Kebangkitan Bangsa;NUSA TENGGARA BARAT I;P;
60;H. LALU HADRIAN IRFANI, S.T.;Fraksi Partai Kebangkitan Bangsa;NUSA TENGGARA BARAT II;L;
61;N.M. DIPO NUSANTARA PUA UPA, S.H., M.Kn.;Fraksi Partai Kebangkitan Bangsa;NUSA TENGGARA TIMUR I;L;
62;USMAN HUSIN;Fraksi Partai Kebangkitan Bangsa;NUSA TENGGARA TIMUR II;L;
63;Dr. DANIEL JOHAN, S.E., M.M.;Fraksi Partai Kebangkitan Bangsa;KALIMANTAN BARAT I;L;
64;SYAFRUDDIN;Fraksi Partai Kebangkitan Bangsa;KALIMANTAN TIMUR;L;
65;Dr. H. SYAMSU RIZAL M.I., S.Sos., M.Si.;Fraksi Partai Kebangkitan Bangsa;SULAWESI SELATAN I;L;
66;Drs. H. ANDI MUAWIYAH RAMLY, M.Si.;Fraksi Partai Kebangkitan Bangsa;SULAWESI SELATAN II;L;
67;JAELANI, S.IP., M.Si.;Fraksi Partai Kebangkitan Bangsa;SULAWESI TENGGARA;L;
68;INDRAJAYA, S.E.;Fraksi Partai Kebangkitan Bangsa;PAPUA;L;
69;Ir. H. T.A. KHALID, M.M.;Fraksi Partai Gerakan Indonesia Raya;ACEH II;L;
70;ADE JONA PRASETYO, S.H., M.H., M.M.;Fraksi Partai Gerakan Indonesia Raya;SUMATERA UTARA I;L;
71;M. HUSNI, S.E., M.M.;Fraksi Partai Gerakan Indonesia Raya;SUMATERA UTARA I;L;
72;SABAM RAJAGUKGUK;Fraksi Partai Gerakan Indonesia Raya;SUMATERA UTARA II;L;
73;H. SUGIAT SANTOSO, S.E., M.S.P.;Fraksi Partai Gerakan Indonesia Raya;SUMATERA UTARA III;L;
74;ANDRE ROSIADE;Fraksi Partai Gerakan Indonesia Raya;SUMATERA BARAT I;L;
75;ADE REZKI PRATAMA, S.E., M.M.;Fraksi Partai Gerakan Indonesia Raya;SUMATERA BARAT II;L;
76;MUHAMMAD RAHUL, S.H.;Fraksi Partai Gerakan Indonesia Raya;RIAU I;L;
77;MUHAMMAD ROHID, B.A. ;Fraksi Partai Gerakan Indonesia Raya;RIAU II;L;
78;ROCKY CANDRA, S.E.;Fraksi Partai Gerakan Indonesia Raya;JAMBI;L;
79;Hj. KARTIKA SANDRA DESI, S.H., M.M.;Fraksi Partai Gerakan Indonesia Raya;SUMATERA SELATAN I;P;
80;AHMAD WAZIR NOVIADI, S.Psi., M.Si.;Fraksi Partai Gerakan Indonesia Raya;SUMATERA SELATAN II;L;
81;Ir. SRI MELIYANA;Fraksi Partai Gerakan Indonesia Raya;SUMATERA SELATAN II;P;
82;H. AHMAD MUZANI;Fraksi Partai Gerakan Indonesia Raya;LAMPUNG I;L;
83;RUBY CHAIRANI SYIFFADIA, B.A. (Hons)., M.Sc.;Fraksi Partai Gerakan Indonesia Raya;LAMPUNG I;P;
84;Ir. DWITA RIA GUNADI;Fraksi Partai Gerakan Indonesia Raya;LAMPUNG II;P;
85;DR. BOB HASAN, S.H., M.H.;Fraksi Partai Gerakan Indonesia Raya;LAMPUNG II;L;
86;MELATI, S.H.;Fraksi Partai Gerakan Indonesia Raya;KEPULAUAN BANGKA BELITUNG;P;
87;IR. H. M. ENDIPAT WIJAYA, M.M.;Fraksi Partai Gerakan Indonesia Raya;KEPULAUAN RIAU;L;
88;Dr. HABIBUROKHMAN, S.H., M.H.;Fraksi Partai Gerakan Indonesia Raya;DKI JAKARTA I;L;
89;Hj. HIMMATUL ALIYAH, S.Sos., M.Si.;Fraksi Partai Gerakan Indonesia Raya;DKI JAKARTA II;P;
90;RAHAYU SARASWATI D. DJOJOHADIKUSUMO;Fraksi Partai Gerakan Indonesia Raya;DKI JAKARTA III;P;
91;MELLY GOESLAW;Fraksi Partai Gerakan Indonesia Raya;JAWA BARAT I;P;
92;RACHEL MARIAM SAYIDINA;Fraksi Partai Gerakan Indonesia Raya;JAWA BARAT II;P;
93;H. KAMRUSSAMAD, Ph.D.;Fraksi Partai Gerakan Indonesia Raya;JAWA BARAT III;L;
94;Dr. Ir. Hj. ENDANG SETYAWATI THOHARI DESS, M.Sc.;Fraksi Partai Gerakan Indonesia Raya;JAWA BARAT III;P;
95;HERI GUNAWAN, S.E., M.B.A., M.A.P.;Fraksi Partai Gerakan Indonesia Raya;JAWA BARAT IV;L;
96;Dr. H. MULYADI, M.M.A;Fraksi Partai Gerakan Indonesia Raya;JAWA BARAT V;L;
97;MARLYN MAISARAH;Fraksi Partai Gerakan Indonesia Raya;JAWA BARAT V;P;
98;Ir. H. NUROJI;Fraksi Partai Gerakan Indonesia Raya;JAWA BARAT VI;L;
99;Dra. Hj. WARDATUL ASRIAH, MBA;Fraksi Partai Gerakan Indonesia Raya;JAWA BARAT VII;P;
100;drg. PUTIH SARI;Fraksi Partai Gerakan Indonesia Raya;JAWA BARAT VII;P;
101;H. OBON TABRONI;Fraksi Partai Gerakan Indonesia Raya;JAWA BARAT VII;L;
102;Dr. Ir. H. KARDAYA WARNIKA, D.E.A.;Fraksi Partai Gerakan Indonesia Raya;JAWA BARAT VIII;L;
103;Dr. H. JEFRY ROMDONNY, S.E., S.Sos., M.Si., M.M.;Fraksi Partai Gerakan Indonesia Raya;JAWA BARAT IX;L;
104;H. ROKHMAT ARDIYAN, S.Sos., M.M.;Fraksi Partai Gerakan Indonesia Raya;JAWA BARAT X;L;
105;MUHAMMAD HUSEIN FADLULLOH, B.Bus., M.M., M.B.A.;Fraksi Partai Gerakan Indonesia Raya;JAWA BARAT XI;L;
106;MULAN JAMEELA, S.S.;Fraksi Partai Gerakan Indonesia Raya;JAWA BARAT XI;P;
107;JAMAL MIRDAD;Fraksi Partai Gerakan Indonesia Raya;JAWA TENGAH I;L;
108;H. ABDUL WACHID;Fraksi Partai Gerakan Indonesia Raya;JAWA TENGAH II;L;
109;H. DANANG WICAKSANA SULISTYA, S.T.;Fraksi Partai Gerakan Indonesia Raya;JAWA TENGAH III;L;
110;Ir. SRIYANTO SAPUTRO, M.M.;Fraksi Partai Gerakan Indonesia Raya;JAWA TENGAH IV;L;
111;ADIK SASONGKO;Fraksi Partai Gerakan Indonesia Raya;JAWA TENGAH V;L;
112;AZIS SUBEKTI, M.T.;Fraksi Partai Gerakan Indonesia Raya;JAWA TENGAH VI;L;
113;Ir. K.R.T. H. DARORI WONODIPURO, M.M., IPU.;Fraksi Partai Gerakan Indonesia Raya;JAWA TENGAH VII;L;
114;Dr. Hj. NOVITA WIJAYANTI, S.E., M.M.;Fraksi Partai Gerakan Indonesia Raya;JAWA TENGAH VIII;P;
115;MOHAMAD HEKAL, B.Sc., M.B.A.;Fraksi Partai Gerakan Indonesia Raya;JAWA TENGAH IX;L;
116;Dr. RAMSON SIAGIAN;Fraksi Partai Gerakan Indonesia Raya;JAWA TENGAH X;L;
117;SITI HEDIATI SOEHARTO, S.E.;Fraksi Partai Gerakan Indonesia Raya;DAERAH ISTIMEWA YOGYAKARTA;P;
118;Ir. H. BAMBANG HARYO SOEKARTONO;Fraksi Partai Gerakan Indonesia Raya;JAWA TIMUR I;L;
119;AHMAD DHANI PRASETYO;Fraksi Partai Gerakan Indonesia Raya;JAWA TIMUR I;L;
120;Dr. H. ANWAR SADAD, M.Ag.;Fraksi Partai Gerakan Indonesia Raya;JAWA TIMUR II;L;
121;Ir. SUMAIL ABDULLAH;Fraksi Partai Gerakan Indonesia Raya;JAWA TIMUR III;L;
122;H. BAMBANG HARYADI, S.E.;Fraksi Partai Gerakan Indonesia Raya;JAWA TIMUR IV;L;
123;KAWENDRA LUKISTIAN, S.E., M.Sn.;Fraksi Partai Gerakan Indonesia Raya;JAWA TIMUR IV;L;
124;MORENO SOEPRAPTO, S.Sos.;Fraksi Partai Gerakan Indonesia Raya;JAWA TIMUR V;L;
125;H. MA'RUF MUBAROK, S.H.;Fraksi Partai Gerakan Indonesia Raya;JAWA TIMUR V;L;
126;Ir. ENDRO HERMONO;Fraksi Partai Gerakan Indonesia Raya;JAWA TIMUR VI;L;
127;Drs. SUPRIYANTO;Fraksi Partai Gerakan Indonesia Raya;JAWA TIMUR VII;L;
128;BIMANTORO WIYONO, S.H.;Fraksi Partai Gerakan Indonesia Raya;JAWA TIMUR VIII;L;
129;Dr. WIHADI WIJANTO, S.H., M.H.;Fraksi Partai Gerakan Indonesia Raya;JAWA TIMUR IX;L;
130;KHILMI;Fraksi Partai Gerakan Indonesia Raya;JAWA TIMUR X;L;
131;R.H. IMRON AMIN, S.H., M.H.;Fraksi Partai Gerakan Indonesia Raya;JAWA TIMUR XI;L;
132;H. ALI ZAMRONI, S.Sos., M.A.P.;Fraksi Partai Gerakan Indonesia Raya;BANTEN I;L;
133;ANNISA M.A. MAHESA, S.E., B.Com;Fraksi Partai Gerakan Indonesia Raya;BANTEN II;P;
134;Prof. Dr. Ir. H. SUFMI DASCO AHMAD, S.H., M.H.;Fraksi Partai Gerakan Indonesia Raya;BANTEN III;L;
135;I DEWA GDE AGUNG WIDIARSANA S.Ds.;Fraksi Partai Gerakan Indonesia Raya;BALI;L;
136;Apt. Hj. LALE SYIFAUN NUFUS, M. Farm;Fraksi Partai Gerakan Indonesia Raya;NUSA TENGGARA BARAT II;P;
137;Ir. ESTHON L. FOENAY, M.Si.;Fraksi Partai Gerakan Indonesia Raya;NUSA TENGGARA TIMUR II;L;
138;YULIANSYAH, S.E.;Fraksi Partai Gerakan Indonesia Raya;KALIMANTAN BARAT I;L;
139;H. IWAN KURNIAWAN, S.H. M.Si.;Fraksi Partai Gerakan Indonesia Raya;KALIMANTAN TENGAH;L;
140;H. MUHAMMAD ROFIQI, S.H.;Fraksi Partai Gerakan Indonesia Raya;KALIMANTAN SELATAN I;L;
141;Hj. Mariana S.AB., MM;Fraksi Partai Gerakan Indonesia Raya;KALIMANTAN SELATAN II;P;
142;G. BUDISATRIO DJIWANDONO;Fraksi Partai Gerakan Indonesia Raya;KALIMANTAN TIMUR;L;
143;Hj. RAHMAWATI, S.H.;Fraksi Partai Gerakan Indonesia Raya;KALIMANTAN UTARA;P;
144;MARTIN D. TUMBELAKA;Fraksi Partai Gerakan Indonesia Raya;SULAWESI UTARA;L;
145;Drs. H. LONGKI DJANGGOLA, M.Si.;Fraksi Partai Gerakan Indonesia Raya;SULAWESI TENGAH;L;
146;Dr. H. AZIKIN SOLTHAN, M.Si.;Fraksi Partai Gerakan Indonesia Raya;SULAWESI SELATAN I;L;
147;ANDI AMAR MA'RUF SULAIMAN, S.E.,B.Busman.,M.H.;Fraksi Partai Gerakan Indonesia Raya;SULAWESI SELATAN II;L;
148;H. ANDI IWAN DARMAWAN ARAS, S.E., M.Si.;Fraksi Partai Gerakan Indonesia Raya;SULAWESI SELATAN II;L;
149;UNRU BASO, M.Mar.;Fraksi Partai Gerakan Indonesia Raya;SULAWESI SELATAN III;L;
150;Ir. H. LA TINRO LA TUNRUNG;Fraksi Partai Gerakan Indonesia Raya;SULAWESI SELATAN III;L;
151;BAHTRA, S.PWK;Fraksi Partai Gerakan Indonesia Raya;SULAWESI TENGGARA;L;
152;ELNINO M. HUSEIN MOHI, S.T., M.Si.;Fraksi Partai Gerakan Indonesia Raya;GORONTALO;L;
153;F. ALIMUDIN KOLATLENA;Fraksi Partai Gerakan Indonesia Raya;MALUKU;L;
154;YAN PERMENAS  MANDENAS, S.Sos., M.Si.;Fraksi Partai Gerakan Indonesia Raya;PAPUA;L;
155;JAMALUDDIN IDHAM, S.H., M.H.;Fraksi Partai Demokrasi Indonesia Perjuangan;ACEH I;L;
156;Dr. SOFYAN TAN;Fraksi Partai Demokrasi Indonesia Perjuangan;SUMATERA UTARA I;L;
157;Prof. Dr. YASONNA H. LAOLY, S.H., M.Sc.;Fraksi Partai Demokrasi Indonesia Perjuangan;SUMATERA UTARA I;L;
158;Drs. RAPIDIN SIMBOLON, M.M.;Fraksi Partai Demokrasi Indonesia Perjuangan;SUMATERA UTARA II;L;
159;Dr. SIHAR P.H. SITORUS, B.S., B.A., M.B.A.;Fraksi Partai Demokrasi Indonesia Perjuangan;SUMATERA UTARA II;L;
160;BOB ANDIKA MAMANA SITEPU, S.H.;Fraksi Partai Demokrasi Indonesia Perjuangan;SUMATERA UTARA III;L;
161;BANE RAJA MANALU;Fraksi Partai Demokrasi Indonesia Perjuangan;SUMATERA UTARA III;L;
162;ALEX INDRA LUKMAN, S.Sos., M.A.P.;Fraksi Partai Demokrasi Indonesia Perjuangan;SUMATERA BARAT I;L;
163;Hj. DEWI JULIANI, S.H.;Fraksi Partai Demokrasi Indonesia Perjuangan;RIAU I;P;
164;Hj. SITI AISYAH;Fraksi Partai Demokrasi Indonesia Perjuangan;RIAU II;P;
165;Dr. EDI PURWANTO, S.H.I., M.Si.;Fraksi Partai Demokrasi Indonesia Perjuangan;JAMBI;L;
166;H. YULIAN GUNHAR, S.H., M.H.;Fraksi Partai Demokrasi Indonesia Perjuangan;SUMATERA SELATAN I;L;
167;Dr. H. M. GIRI RAMANDA N. KIEMAS, S.E., M.M.;Fraksi Partai Demokrasi Indonesia Perjuangan;SUMATERA SELATAN II;L;
168;EKO KURNIA NINGSIH;Fraksi Partai Demokrasi Indonesia Perjuangan;BENGKULU;P;
169;Drs. H. MUKHLIS BASRI;Fraksi Partai Demokrasi Indonesia Perjuangan;LAMPUNG I;L;
170;SUDIN, S.E.;Fraksi Partai Demokrasi Indonesia Perjuangan;LAMPUNG I;L;
171;drh. I KETUT SUWENDRA, M.M.;Fraksi Partai Demokrasi Indonesia Perjuangan;LAMPUNG II;L;
172;Ir. RUDIANTO TJEN;Fraksi Partai Demokrasi Indonesia Perjuangan;KEPULAUAN BANGKA BELITUNG;L;
173;Mayjen. TNI (Purn.) STURMAN PANJAITAN, S.H.;Fraksi Partai Demokrasi Indonesia Perjuangan;KEPULAUAN RIAU;L;
174;PUTRA NABABAN;Fraksi Partai Demokrasi Indonesia Perjuangan;DKI JAKARTA I;L;
175;ONCE MEKEL, S.H.;Fraksi Partai Demokrasi Indonesia Perjuangan;DKI JAKARTA II;L;
176;CHARLES HONORIS;Fraksi Partai Demokrasi Indonesia Perjuangan;DKI JAKARTA III;L;
177;Prof. Dr. DARMADI DURIANTO;Fraksi Partai Demokrasi Indonesia Perjuangan;DKI JAKARTA III;L;
178;JUNICO B.P. SIAHAAN, S.E.;Fraksi Partai Demokrasi Indonesia Perjuangan;JAWA BARAT I;L;
179;DENNY CAGUR, S.Pd.;Fraksi Partai Demokrasi Indonesia Perjuangan;JAWA BARAT II;L;
180;H. MUHAMAD ABDUL AZIS SEFUDIN;Fraksi Partai Demokrasi Indonesia Perjuangan;JAWA BARAT III;L;
181;ADIAN Y.Y. NAPITUPULU, S.H.;Fraksi Partai Demokrasi Indonesia Perjuangan;JAWA BARAT V;L;
182;SUKUR H NABABAN, S.T.;Fraksi Partai Demokrasi Indonesia Perjuangan;JAWA BARAT VI;L;
183;Dr. RIEKE DIAH PITALOKA;Fraksi Partai Demokrasi Indonesia Perjuangan;JAWA BARAT VII;P;
184;Prof. Dr. Ir. H. ROKHMIN DAHURI, M.S.;Fraksi Partai Demokrasi Indonesia Perjuangan;JAWA BARAT VIII;L;
185;SELLY ANDRIANY GANTINA, A.Md.;Fraksi Partai Demokrasi Indonesia Perjuangan;JAWA BARAT VIII;P;
186;Dr. H. HASANUDDIN, S.E., M.M.;Fraksi Partai Demokrasi Indonesia Perjuangan;JAWA BARAT IX;L;
187;Hj. IDA NURLAELA WIRADINATA;Fraksi Partai Demokrasi Indonesia Perjuangan;JAWA BARAT X;P;
188;DONY MARYADI OEKON, S.T.;Fraksi Partai Demokrasi Indonesia Perjuangan;JAWA BARAT XI;L;
189;MOCHAMAD HERVIANO WIDYATAMA, S.Sos., M.M.;Fraksi Partai Demokrasi Indonesia Perjuangan;JAWA TENGAH I;L;
190;SAMUEL JD WATTIMENA;Fraksi Partai Demokrasi Indonesia Perjuangan;JAWA TENGAH I;L;
191;Dr. H. MUSTHOFA, S.E., M.M.;Fraksi Partai Demokrasi Indonesia Perjuangan;JAWA TENGAH II;L;
192;GILANG DHIELAFARAREZ, S.H., LL.M.;Fraksi Partai Demokrasi Indonesia Perjuangan;JAWA TENGAH II;L;
193;H. HARYANTO, S.H., M.M., M.Si.;Fraksi Partai Demokrasi Indonesia Perjuangan;JAWA TENGAH III;L;
194;Dr. EVITA NURSANTY, M.Sc.;Fraksi Partai Demokrasi Indonesia Perjuangan;JAWA TENGAH III;P;
195;Dr. H. EDY WURYANTO, S.Kp., M.Kep.;Fraksi Partai Demokrasi Indonesia Perjuangan;JAWA TENGAH III;L;
196;Ir. BAMBANG WURYANTO, M.B.A.;Fraksi Partai Demokrasi Indonesia Perjuangan;JAWA TENGAH IV;L;
197;DOLFIE O.F.P., S.T.;Fraksi Partai Demokrasi Indonesia Perjuangan;JAWA TENGAH IV;L;
198;DIAH PIKATAN O. PUTRI HAPRANI;Fraksi Partai Demokrasi Indonesia Perjuangan;JAWA TENGAH IV;P;
199;Dr. (H.C) PUAN MAHARANI;Fraksi Partai Demokrasi Indonesia Perjuangan;JAWA TENGAH V;P;
200;ARIA BIMA;Fraksi Partai Demokrasi Indonesia Perjuangan;JAWA TENGAH V;L;
201;H. DIDIK HARYADI, S.T., S.H.;Fraksi Partai Demokrasi Indonesia Perjuangan;JAWA TENGAH V;L;
202;VITA ERVINA, S.E., M.B.A.;Fraksi Partai Demokrasi Indonesia Perjuangan;JAWA TENGAH VI;P;
203;SOFWAN DEDY ARDYANTO;Fraksi Partai Demokrasi Indonesia Perjuangan;JAWA TENGAH VI;L;
204;Drs. UTUT ADIANTO;Fraksi Partai Demokrasi Indonesia Perjuangan;JAWA TENGAH VII;L;
205;KAISAR KIASA KASIH SAID PUTRA;Fraksi Partai Demokrasi Indonesia Perjuangan;JAWA TENGAH VIII;L;
206;ADISATRYA SURYO SULISTO;Fraksi Partai Demokrasi Indonesia Perjuangan;JAWA TENGAH VIII;L;
207;SHANTY ALDA NATHALIA, S.H.;Fraksi Partai Demokrasi Indonesia Perjuangan;JAWA TENGAH IX;P;
208;Dr. Ir. HARRIS TURINO, S.T., S.H., M.Si., M.M.;Fraksi Partai Demokrasi Indonesia Perjuangan;JAWA TENGAH IX;L;
209;SHINTYA SANDRA KUSUMA, S.Hub.Int., M.A.B.;Fraksi Partai Demokrasi Indonesia Perjuangan;JAWA TENGAH IX;P;
210;DEDE INDRA PERMANA SOEDIRO, S.H.;Fraksi Partai Demokrasi Indonesia Perjuangan;JAWA TENGAH X;L;
211;MY ESTI WIJAYATI;Fraksi Partai Demokrasi Indonesia Perjuangan;DAERAH ISTIMEWA YOGYAKARTA;P;
212;GM TOTOK HEDI SANTOSA;Fraksi Partai Demokrasi Indonesia Perjuangan;DAERAH ISTIMEWA YOGYAKARTA;L;
213;PUTI GUNTUR SOEKARNO, S.IP.;Fraksi Partai Demokrasi Indonesia Perjuangan;JAWA TIMUR I;P;
214;INDAH KURNIAWATI, S.E., M.M.;Fraksi Partai Demokrasi Indonesia Perjuangan;JAWA TIMUR I;P;
215;dr. H. MUFTI AIMAH NURUL ANAM;Fraksi Partai Demokrasi Indonesia Perjuangan;JAWA TIMUR II;L;
216;SONNY T. DANAPARAMITA, S.H.,M.H;Fraksi Partai Demokrasi Indonesia Perjuangan;JAWA TIMUR III;L;
217;INA AMMANIA;Fraksi Partai Demokrasi Indonesia Perjuangan;JAWA TIMUR III;P;
218;ARIF WIBOWO;Fraksi Partai Demokrasi Indonesia Perjuangan;JAWA TIMUR IV;L;
219;Dr. AHMAD BASARAH;Fraksi Partai Demokrasi Indonesia Perjuangan;JAWA TIMUR V;L;
220;Ir. ANDREAS EDDY SUSETYO, M.M.;Fraksi Partai Demokrasi Indonesia Perjuangan;JAWA TIMUR V;L;
221;PULUNG AGUSTANTO;Fraksi Partai Demokrasi Indonesia Perjuangan;JAWA TIMUR VI;L;
222;ROMY SOEKARNO, S.H.;Fraksi Partai Demokrasi Indonesia Perjuangan;JAWA TIMUR VI;L;
223;NOVITA HARDINI, S.E.;Fraksi Partai Demokrasi Indonesia Perjuangan;JAWA TIMUR VII;P;
224;Ir. BUDI S. KANANG;Fraksi Partai Demokrasi Indonesia Perjuangan;JAWA TIMUR VII;L;
225;Hj. SADARESTUWATI, S.P., M.M.A.;Fraksi Partai Demokrasi Indonesia Perjuangan;JAWA TIMUR VIII;P;
226;BANYU BIRU DJAROT;Fraksi Partai Demokrasi Indonesia Perjuangan;JAWA TIMUR VIII;L;
227;H. ABIDIN FIKRI, S.H., M.H.;Fraksi Partai Demokrasi Indonesia Perjuangan;JAWA TIMUR IX;L;
228;H. NASYIRUL FALAH AMRU, S.E.M.A.P;Fraksi Partai Demokrasi Indonesia Perjuangan;JAWA TIMUR X;L;
229;NILA YANI HARDIYANTI, S.I.Kom.;Fraksi Partai Demokrasi Indonesia Perjuangan;JAWA TIMUR X;P;
230;M. H. SAID ABDULLAH;Fraksi Partai Demokrasi Indonesia Perjuangan;JAWA TIMUR XI;L;
231;ANSARI, S.Pd.I;Fraksi Partai Demokrasi Indonesia Perjuangan;JAWA TIMUR XI;P;
232;BONNIE TRIYANA, S.S.;Fraksi Partai Demokrasi Indonesia Perjuangan;BANTEN I;L;
233;SARIFAH AINUN JARIYAH, S.I.P.;Fraksi Partai Demokrasi Indonesia Perjuangan;BANTEN II;P;
234;YULIUS SETIARTO, S.H., M.H.;Fraksi Partai Demokrasi Indonesia Perjuangan;BANTEN III;L;
235;MARINUS GEA, S.E., M.Ak.;Fraksi Partai Demokrasi Indonesia Perjuangan;BANTEN III;L;
236;I NYOMAN PARTA, S.H.;Fraksi Partai Demokrasi Indonesia Perjuangan;BALI;L;
237;I G N KESUMA KELAKAN, S.T., M.Si.;Fraksi Partai Demokrasi Indonesia Perjuangan;BALI;L;
238;Dr. I WAYAN SUDIRTA, S.H., M.H.;Fraksi Partai Demokrasi Indonesia Perjuangan;BALI;L;
239;I N. ADI WIRYATAMA, S.Sos., M.SI;Fraksi Partai Demokrasi Indonesia Perjuangan;BALI;L;
240;I KETUT KARIYASA ADNYANA, S.P.;Fraksi Partai Demokrasi Indonesia Perjuangan;BALI;L;
241;H. RACHMAT HIDAYAT, S.H.;Fraksi Partai Demokrasi Indonesia Perjuangan;NUSA TENGGARA BARAT II;L;
242;Dr. ANDREAS HUGO PAREIRA;Fraksi Partai Demokrasi Indonesia Perjuangan;NUSA TENGGARA TIMUR I;L;
243;STEVANO RIZKI ADRANACUS;Fraksi Partai Demokrasi Indonesia Perjuangan;NUSA TENGGARA TIMUR II;L;
244;Drs. CORNELIS, M.H.;Fraksi Partai Demokrasi Indonesia Perjuangan;KALIMANTAN BARAT I;L;
245;MARIA LESTARI, S.Pd., M.H.;Fraksi Partai Demokrasi Indonesia Perjuangan;KALIMANTAN BARAT I;P;
246;LASARUS, S.SOS., M.Si.;Fraksi Partai Demokrasi Indonesia Perjuangan;KALIMANTAN BARAT II;L;
247;PAOLUS HADI, S.IP., M.Si.;Fraksi Partai Demokrasi Indonesia Perjuangan;KALIMANTAN BARAT II;L;
248;SIGIT KARYAWAN YUNIANTO, S.H., M.A.P.;Fraksi Partai Demokrasi Indonesia Perjuangan;KALIMANTAN TENGAH;L;
249;Irjen. Pol. (Purn) Drs. H. SAFARUDDIN, M.I.Kom.;Fraksi Partai Demokrasi Indonesia Perjuangan;KALIMANTAN TIMUR;L;
250;Ir. DEDDY YEVRI HANTERU SITORUS, M.A.;Fraksi Partai Demokrasi Indonesia Perjuangan;KALIMANTAN UTARA;L;
251;RIO A. J. DONDOKAMBEY, B.Sc.;Fraksi Partai Demokrasi Indonesia Perjuangan;SULAWESI UTARA;L;
252;Dra. Hj. YASTI SOEPREDJO MOKOAGOW;Fraksi Partai Demokrasi Indonesia Perjuangan;SULAWESI UTARA;P;
253;MATINDAS JANUSANTI RUMAMBI, S.Sos.;Fraksi Partai Demokrasi Indonesia Perjuangan;SULAWESI TENGAH;L;
254;RIDWAN ANDI WITTIRI, S.H.;Fraksi Partai Demokrasi Indonesia Perjuangan;SULAWESI SELATAN I;L;
255;H. AHMAD SAFEI, S.H., M.H.;Fraksi Partai Demokrasi Indonesia Perjuangan;SULAWESI TENGGARA;L;
256;Dr. Ir. H. AGUS AMBO DJIWA, M.P.;Fraksi Partai Demokrasi Indonesia Perjuangan;SULAWESI BARAT;L;
257;MERCY CHRIESTY BARENDS, S.T.;Fraksi Partai Demokrasi Indonesia Perjuangan;MALUKU;P;
258;IRINE YUSIANA ROBA PUTRI, S.Sos, M.Comn&MediaSt.;Fraksi Partai Demokrasi Indonesia Perjuangan;MALUKU UTARA;P;
259;RUTH NAOMI RUMKABU;Fraksi Partai Demokrasi Indonesia Perjuangan;PAPUA;P;
260;OBET RUMBRUREN;Fraksi Partai Demokrasi Indonesia Perjuangan;PAPUA BARAT;L;
261;EDOARDUS KAIZE, S.S.;Fraksi Partai Demokrasi Indonesia Perjuangan;PAPUA SELATAN;L;
262;KAMARUDIN WATUBUN, S.H., M.H.;Fraksi Partai Demokrasi Indonesia Perjuangan;PAPUA TENGAH;L;
263;ARIF RIYANTO UOPDANA, S.T.;Fraksi Partai Demokrasi Indonesia Perjuangan;PAPUA;L;
264;Drs. H. T. ZULKARNAINI AMPON BANG;Fraksi Partai Golongan Karya;ACEH I;L;
265;H. ILHAM PANGESTU;Fraksi Partai Golongan Karya;ACEH II;L;
266;SAMSUL BAHRI TIYONG;Fraksi Partai Golongan Karya;ACEH II;L;
267;Dr. H. MUSA RAJEKSHAH, M.Hum.;Fraksi Partai Golongan Karya;SUMATERA UTARA I;L;
268;Dr. MARULI SIAHAAN, S.H.,M.H.;Fraksi Partai Golongan Karya;SUMATERA UTARA I;L;
269;LAMHOT SINAGA;Fraksi Partai Golongan Karya;SUMATERA UTARA II;L;
270;ANDAR AMIN HARAHAP, S.STP., M.Si.;Fraksi Partai Golongan Karya;SUMATERA UTARA II;L;
271;TRINOVI KHAIRANI, B.A.;Fraksi Partai Golongan Karya;SUMATERA UTARA II;P;
272;Dr. H. AHMAD DOLI KURNIA TANDJUNG, S.Si., M.T.;Fraksi Partai Golongan Karya;SUMATERA UTARA III;L;
273;DELIA PRATIWI BR. SITEPU, S.H.;Fraksi Partai Golongan Karya;SUMATERA UTARA III;P;
274;MANGIHUT SINAGA, S.H., M.H.;Fraksi Partai Golongan Karya;SUMATERA UTARA III;L;
275;ZIGO ROLANDA, S.E., M.M.;Fraksi Partai Golongan Karya;SUMATERA BARAT I;L;
276;H. BENNY UTAMA, S.H., M.M.;Fraksi Partai Golongan Karya;SUMATERA BARAT II;L;
277;dr. MAHARANI;Fraksi Partai Golongan Karya;RIAU I;P;
278;Dr. Hj. KARMILA SARI, S.Kom., M.M.;Fraksi Partai Golongan Karya;RIAU I;P;
279;H. YULISMAN, S.Si., M.M.;Fraksi Partai Golongan Karya;RIAU II;L;
280;Drs. H. CEK ENDRA;Fraksi Partai Golongan Karya;JAMBI;L;
281;H. HASAN BASRI AGUS;Fraksi Partai Golongan Karya;JAMBI;L;
282;Drs. H. KAHAR MUZAKIR;Fraksi Partai Golongan Karya;SUMATERA SELATAN I;L;
283;YUDHA NOVANZA UTAMA;Fraksi Partai Golongan Karya;SUMATERA SELATAN I;L;
284;DEWI YUSTISIANA, S.H., M.Kn.;Fraksi Partai Golongan Karya;SUMATERA SELATAN II;P;
285;Hj. DERTA ROHIDIN;Fraksi Partai Golongan Karya;BENGKULU;P;
286;H. RYCKO MENOZA SZP, M.B.A.;Fraksi Partai Golongan Karya;LAMPUNG I;L;
287;Ir. HANAN A. ROZAK, M.S.;Fraksi Partai Golongan Karya;LAMPUNG II;L;
288;H. APROZI ALAM, S.E.;Fraksi Partai Golongan Karya;LAMPUNG II;L;
289;BAMBANG PATIJAYA, S.E., M.M.;Fraksi Partai Golongan Karya;KEPULAUAN BANGKA BELITUNG;L;
290;RIZKI FAISAL;Fraksi Partai Golongan Karya;KEPULAUAN RIAU;L;
291;ABRAHAM SRIDJAJA, S.H., M.H., C.L.A.;Fraksi Partai Golongan Karya;DKI JAKARTA II;L;
292;ERWIN AKSA;Fraksi Partai Golongan Karya;DKI JAKARTA III;L;
293;Dr. ATALIA PRARATYA, S.I.P., M.I.Kom.;Fraksi Partai Golongan Karya;JAWA BARAT I;P;
294;NURUL ARIFIN, M.Si.;Fraksi Partai Golongan Karya;JAWA BARAT I;P;
295;Ir. H. ANANG SUSANTO SUHENDAR, M.Si.;Fraksi Partai Golongan Karya;JAWA BARAT II;L;
296;Dr. H. DADANG M. NASER, S.H., M.I.Pol.;Fraksi Partai Golongan Karya;JAWA BARAT II;L;
297;ISFHAN TAUFIK MUNGGARAN;Fraksi Partai Golongan Karya;JAWA BARAT III;L;
298;H. ILHAM PERMANA, S.E., M.M.;Fraksi Partai Golongan Karya;JAWA BARAT III;L;
299;Hj. DEWI ASMARA, S.H., M.H.;Fraksi Partai Golongan Karya;JAWA BARAT IV;P;
300;RAVINDRA AIRLANGGA, B.A., M.S.;Fraksi Partai Golongan Karya;JAWA BARAT V;L;
301;RANNY FAHD A RAFIQ;Fraksi Partai Golongan Karya;JAWA BARAT VI;P;
302;PUTERI ANETTA KOMARUDIN;Fraksi Partai Golongan Karya;JAWA BARAT VII;P;
303;H. DANIEL MUTAQIEN SYAFIUDDIN, S.T.;Fraksi Partai Golongan Karya;JAWA BARAT VIII;L;
304;Dr. DAVE AKBARSHAH FIKARNO, M.E.;Fraksi Partai Golongan Karya;JAWA BARAT VIII;L;
305;ELITA BUDIATI, S.K.M., M.Si.;Fraksi Partai Golongan Karya;JAWA BARAT IX;P;
306;GALIH DIMUNTUR KARTASASMITA;Fraksi Partai Golongan Karya;JAWA BARAT IX;L;
307;Dr.Tr. AGUN GUNANDJAR S, Bc.I.P., M.Si.;Fraksi Partai Golongan Karya;JAWA BARAT X;L;
308;ADE GINANJAR, S.Sos.;Fraksi Partai Golongan Karya;JAWA BARAT XI;L;
309;FERDIANSYAH, S.E., M.M.;Fraksi Partai Golongan Karya;JAWA BARAT XI;L;
310;FIRNANDO H GANINDUTO, B.B.A.;Fraksi Partai Golongan Karya;JAWA TENGAH I;L;
311;ANDHIKA SATYA WASISTHO S.M.;Fraksi Partai Golongan Karya;JAWA TENGAH II;L;
312;JAMALUDIN MALIK, S.H., M.H.;Fraksi Partai Golongan Karya;JAWA TENGAH II;L;
313;FIRMAN SOEBAGYO, S.E., M.H.;Fraksi Partai Golongan Karya;JAWA TENGAH III;L;
314;Drs. JULIYATMONO, M.M., M.H.;Fraksi Partai Golongan Karya;JAWA TENGAH IV;L;
315;H. SINGGIH JANURATMOKO, S.K.H., M.M.;Fraksi Partai Golongan Karya;JAWA TENGAH V;L;
316;Ir. PANGGAH SUSANTO, M.M.;Fraksi Partai Golongan Karya;JAWA TENGAH VI;L;
317;Dr. H. BAMBANG SOESATYO, S.E.;Fraksi Partai Golongan Karya;JAWA TENGAH VII;L;
318;TETI ROHATININGSIH, S.Sos.;Fraksi Partai Golongan Karya;JAWA TENGAH VIII;P;
319;AGUNG WIDYANTORO, S.H., M.Si.;Fraksi Partai Golongan Karya;JAWA TENGAH IX;L;
320;ASHRAFF ABU;Fraksi Partai Golongan Karya;JAWA TENGAH X;L;
321;DONI AKBAR, S.E., M.M.;Fraksi Partai Golongan Karya;JAWA TENGAH X;L;
322;Drs. H.M. GANDUNG PARDIMAN, M.M.;Fraksi Partai Golongan Karya;DAERAH ISTIMEWA YOGYAKARTA;L;
323;Dr. Ir. H. ADIES KADIR, S.H., M.Hum.;Fraksi Partai Golongan Karya;JAWA TIMUR I;L;
324;Dr. H. MUKHAMAD MISBAKHUN, S.E., M.H.;Fraksi Partai Golongan Karya;JAWA TIMUR II;L;
325;ZULFIKAR ARSE SADIKIN, S.I.P., M.Si.;Fraksi Partai Golongan Karya;JAWA TIMUR III;L;
326;H. MUHAMAD NUR PURNAMASIDI, S.Sos.M.Si.;Fraksi Partai Golongan Karya;JAWA TIMUR IV;L;
327;AHMAD IRAWAN, S.H., M.H.;Fraksi Partai Golongan Karya;JAWA TIMUR V;L;
328;M. SARMUJI, S.E., M.Si.;Fraksi Partai Golongan Karya;JAWA TIMUR VI;L;
329;Dr. Ir. HERU TJAHJONO, M.M.;Fraksi Partai Golongan Karya;JAWA TIMUR VI;L;
330;Dr. H. ALI MUFTHI, S.Ag., M.Si.;Fraksi Partai Golongan Karya;JAWA TIMUR VII;L;
331;M. YAHYA ZAINI, S.H.;Fraksi Partai Golongan Karya;JAWA TIMUR VIII;L;
332;Dra. Hj. HAENY RELAWATI RINI WIDYASTUTI, M.Si.;Fraksi Partai Golongan Karya;JAWA TIMUR IX;P;
333;EKO WAHYUDI;Fraksi Partai Golongan Karya;JAWA TIMUR IX;L;
334;AHMAD LABIB, S.H.I., M.H.;Fraksi Partai Golongan Karya;JAWA TIMUR X;L;
335;Dr. ERIC HERMAWAN, M.T., M.M.;Fraksi Partai Golongan Karya;JAWA TIMUR XI;L;
336;Dr. Hj. ADDE ROSI KHOERUNNISA, S.Sos., M.Si.;Fraksi Partai Golongan Karya;BANTEN I;P;
337;H. TUBAGUS HAERUL JAMAN, S.E.;Fraksi Partai Golongan Karya;BANTEN II;L;
338;Drs. H. MUJAKKIR ZUHRI;Fraksi Partai Golongan Karya;BANTEN III;L;
339;H. ANDI ACHMAD DARA, S.E., M.A.P.;Fraksi Partai Golongan Karya;BANTEN III;L;
340;GDE SUMARJAYA LINGGIH, S.E., M.AP.;Fraksi Partai Golongan Karya;BALI;L;
341;Ir. Hj. SARI YULIATI, M.T.;Fraksi Partai Golongan Karya;NUSA TENGGARA BARAT II;P;
342;MELCHIAS MARKUS MEKENG, M.H.;Fraksi Partai Golongan Karya;NUSA TENGGARA TIMUR I;L;
343;Dr. UMBU KABUNANG RUDI YANTO HUNGA, S.H., M.H.;Fraksi Partai Golongan Karya;NUSA TENGGARA TIMUR II;L;
344;GAVRIEL P. NOVANTO, B.A., M.Sc.;Fraksi Partai Golongan Karya;NUSA TENGGARA TIMUR II;L;
345;FRANCISCUS MARIA AGUSTINUS SIBARANI;Fraksi Partai Golongan Karya;KALIMANTAN BARAT I;L;
346;Dr. Drs. ADRIANUS ASIA SIDOT, M.Si.;Fraksi Partai Golongan Karya;KALIMANTAN BARAT II;L;
347;Drs. MUKHTARUDIN;Fraksi Partai Golongan Karya;KALIMANTAN TENGAH;L;
348;Drs. H. BAMBANG HERI PURNAMA, S.T., S.H., M.H.;Fraksi Partai Golongan Karya;KALIMANTAN SELATAN I;L;
349;SANDI FITRIAN NOOR, S.T., M.M.;Fraksi Partai Golongan Karya;KALIMANTAN SELATAN I;L;
350;Irjen Pol (P) Dr. Drs. RIKWANTO, S.H., M.Hum.;Fraksi Partai Golongan Karya;KALIMANTAN SELATAN II;L;
351;Hj. SARIFAH SURAIDAH;Fraksi Partai Golongan Karya;KALIMANTAN TIMUR;P;
352;Dr. Ir. HETIFAH SJAIFUDIAN, M.P.P.;Fraksi Partai Golongan Karya;KALIMANTAN TIMUR;P;
353;DR.(HC) CHRISTIANY EUGENIA PARUNTU, S.E.,S.Th.,M.A.;Fraksi Partai Golongan Karya;SULAWESI UTARA;P;
354;H. MUHIDIN MOHAMAD SAID, S.E., M.B.A.;Fraksi Partai Golongan Karya;SULAWESI TENGAH;L;
355;Ir. BENIYANTO, S.T.;Fraksi Partai Golongan Karya;SULAWESI TENGAH;L;
356;DRS. HAMKA B. KADY, M.S.;Fraksi Partai Golongan Karya;SULAWESI SELATAN I;L;
357;Prof. Dr. Drs. H.A.M. NURDIN HALID;Fraksi Partai Golongan Karya;SULAWESI SELATAN II;L;
358;Dr. H.M. TAUFAN PAWE, S.H., M.H.;Fraksi Partai Golongan Karya;SULAWESI SELATAN II;L;
359;AGUSTINA MANGANDE;Fraksi Partai Golongan Karya;SULAWESI SELATAN III;P;
360;Ir. RIDWAN BAE;Fraksi Partai Golongan Karya;SULAWESI TENGGARA;L;
361;Drs. H. RUSLI HABIBIE, M.A.P.;Fraksi Partai Golongan Karya;GORONTALO;L;
362;ALIEN MUS, S.Sos.;Fraksi Partai Golongan Karya;MALUKU UTARA;P;
363;drg. ALFONS MANIBUI;Fraksi Partai Golongan Karya;PAPUA BARAT;L;
364;Dr. SOEDESON TANDRA, S.H., M.Hum.;Fraksi Partai Golongan Karya;PAPUA TENGAH;L;
365;ROBERT JOPPY KARDINAL, S.A.B.;Fraksi Partai Golongan Karya;PAPUA BARAT DAYA;L;
366;H. MUSLIM AYUB, S.H., M.M.;Fraksi Partai NasDem;ACEH I;L;
367;IRSAN SOSIAWAN, M.B.A.;Fraksi Partai NasDem;ACEH II;L;
368;PRANANDA SURYA PALOH;Fraksi Partai NasDem;SUMATERA UTARA I;L;
369;MARTIN  MANURUNG, S.E., M.A.;Fraksi Partai NasDem;SUMATERA UTARA II;L;
370;RUDI HARTONO BANGUN, S.E.;Fraksi Partai NasDem;SUMATERA UTARA III;L;
371;Hj. LISDA HENDRAJONI, S.E., M.M.Tr.;Fraksi Partai NasDem;SUMATERA BARAT I;P;
372;Ir. M. SHADIQ PASADIGOE, S.H., M.M.;Fraksi Partai NasDem;SUMATERA BARAT I;L;
373;CINDY MONICA SALSABILA SETIAWAN, S.M.;Fraksi Partai NasDem;SUMATERA BARAT II;P;
374;Dr. SYARIF FASHA, S.E., M.E.;Fraksi Partai NasDem;JAMBI;L;
375;H.FAUZI AMRO M.SI;Fraksi Partai NasDem;SUMATERA SELATAN I;L;
376;IRMA SURYANI, S.E., M.M.;Fraksi Partai NasDem;SUMATERA SELATAN II;P;
377;ERNA SARI DEWI, S.E.;Fraksi Partai NasDem;BENGKULU;P;
378;RAHMAWATI HERDIAN, S.H., M.Kn.;Fraksi Partai NasDem;LAMPUNG I;P;
379;TAMANURI;Fraksi Partai NasDem;LAMPUNG II;L;
380;RANDI ZULMARIADI, S. M.;Fraksi Partai NasDem;KEPULAUAN RIAU;L;
381;Dr. H. AHMAD SAHRONI, S.E., M.I.Kom.;Fraksi Partai NasDem;DKI JAKARTA III;L;
382;RAJIV;Fraksi Partai NasDem;JAWA BARAT II;L;
383;ANANDA TOHPATI N.R.;Fraksi Partai NasDem;JAWA BARAT III;L;
384;ASEP WAHYUWIJAYA;Fraksi Partai NasDem;JAWA BARAT V;L;
385;SAAN MUSTOPA;Fraksi Partai NasDem;JAWA BARAT VII;L;
386;SATORI, S.PdI., M.M.;Fraksi Partai NasDem;JAWA BARAT VIII;L;
387;UJANG BEY, S.I.P., M.I.P.;Fraksi Partai NasDem;JAWA BARAT IX;L;
388;Dr. SHOHIBUL IMAM, CA., CPA.;Fraksi Partai NasDem;JAWA BARAT X;L;
389;LOLA NELRIA OKTAVIA, S.E.;Fraksi Partai NasDem;JAWA BARAT XI;P;
390;Drs. FADHOLI, M.I.Kom.;Fraksi Partai NasDem;JAWA TENGAH I;L;
391;LESTARI MOERDIJAT;Fraksi Partai NasDem;JAWA TENGAH II;P;
392;Hj. SRI WULAN, S.E., M.M.;Fraksi Partai NasDem;JAWA TENGAH III;P;
393;NAFA URBACH;Fraksi Partai NasDem;JAWA TENGAH VI;P;
394;AMELIA ANGGRAINI;Fraksi Partai NasDem;JAWA TENGAH VII;P;
395;SUGENG SUPARWOTO;Fraksi Partai NasDem;JAWA TENGAH VIII;L;
396;YOYOK RIYO SUDIBYO;Fraksi Partai NasDem;JAWA TENGAH X;L;
397;H. SUBARDI, S.H., M.H.;Fraksi Partai NasDem;DAERAH ISTIMEWA YOGYAKARTA;L;
398;LITA MACHFUD ARIFIN;Fraksi Partai NasDem;JAWA TIMUR I;P;
399;Hj. DINI RAHMANIA, S.IAN, M.M.;Fraksi Partai NasDem;JAWA TIMUR II;P;
400;H. CHARLES MEIKYANSAH, S.Sos., M.I.Kom.;Fraksi Partai NasDem;JAWA TIMUR IV;L;
401;NURHADI, S.Pd., M.H.;Fraksi Partai NasDem;JAWA TIMUR VI;L;
402;MUHAMMAD HABIBUR ROCHMAN, S.E.;Fraksi Partai NasDem;JAWA TIMUR VIII;L;
403;THORIQ MAJIDDANOR, S.E., S.H., M.HP.;Fraksi Partai NasDem;JAWA TIMUR X;L;
404;WILLY ADITYA;Fraksi Partai NasDem;JAWA TIMUR XI;L;
405;ARIF RAHMAN;Fraksi Partai NasDem;BANTEN I;L;
406;Prof. Dr. H. FURTASAN ALI YUSUF, S.E., S.Kom., M.M.;Fraksi Partai NasDem;BANTEN II;L;
407;Dr. H. WAHIDIN HALIM, M.Si.;Fraksi Partai NasDem;BANTEN III;L;
408;Ir. I NENGAH SENANTARA;Fraksi Partai NasDem;BALI;L;
409;H. MORI HANAFI, S.E.,MCom;Fraksi Partai NasDem;NUSA TENGGARA BARAT I;L;
410;FAUZAN KHALID, S.Ag., M.Si.;Fraksi Partai NasDem;NUSA TENGGARA BARAT II;L;
411;JULIE SUTRISNO LAISKODAT;Fraksi Partai NasDem;NUSA TENGGARA TIMUR I;P;
412;Dr. VIKTOR BUNGTILU LAISKODAT, S.H., M.Si.;Fraksi Partai NasDem;NUSA TENGGARA TIMUR II;L;
413;H. SYARIEF ABDULLAH ALKADRIE, S.H.;Fraksi Partai NasDem;KALIMANTAN BARAT I;L;
414;GULAM MOHAMAD SHARON;Fraksi Partai NasDem;KALIMANTAN BARAT II;L;
415;ANDINA THRESIA NARANG, B.Comm.;Fraksi Partai NasDem;KALIMANTAN TENGAH;P;
416;Dr. H.M. RIFQINIZAMY KARSAYUDA, S.H., M.H.;Fraksi Partai NasDem;KALIMANTAN SELATAN I;L;
417;H. MACHFUD ARIFIN;Fraksi Partai NasDem;KALIMANTAN SELATAN II;L;
418;NABIL HUSIEN SAID AMIN ALRASYDI;Fraksi Partai NasDem;KALIMANTAN TIMUR;L;
419;FELLY ESTELITA RUNTUWENE, S.E.;Fraksi Partai NasDem;SULAWESI UTARA;P;
420;Dr. Hj. NILAM SARI LAWIRA, S.P., M.P.;Fraksi Partai NasDem;SULAWESI TENGAH;P;
421;H. ACHMAD DG SERE, S.Sos., M.A.P.;Fraksi Partai NasDem;SULAWESI SELATAN I;L;
422;RUDIANTO LALLO, S.H., M.H.;Fraksi Partai NasDem;SULAWESI SELATAN I;L;
423;TEGUH ISWARA SUARDI,S.T.,MSC;Fraksi Partai NasDem;SULAWESI SELATAN II;L;
424;H. RUSDI MASSE MAPPASESSU;Fraksi Partai NasDem;SULAWESI SELATAN III;L;
425;EVA STEVANY RATABA, S.H.;Fraksi Partai NasDem;SULAWESI SELATAN III;P;
426;H. ALI MAZI, S.H.;Fraksi Partai NasDem;SULAWESI TENGGARA;L;
427;RACHMAT GOBEL;Fraksi Partai NasDem;GORONTALO;L;
428;RATIH MEGASARI SINGKARRU, M.Sc.;Fraksi Partai NasDem;SULAWESI BARAT;P;
429;TONNY TESAR, S.Sos.;Fraksi Partai NasDem;PAPUA;L;
430;CHEROLINE CHRISYE MAKALEW;Fraksi Partai NasDem;PAPUA BARAT;P;
431;H. SULAEMAN L. HAMZAH;Fraksi Partai NasDem;PAPUA SELATAN;L;
432;ARJUNA SAKIR, S.E., M.M.;Fraksi Partai NasDem;PAPUA TENGAH;L;
433;ROBERTH ROUW;Fraksi Partai NasDem;PAPUA PEGUNUNGAN;L;
434;Dr. RICO SIA, M.Si.;Fraksi Partai NasDem;PAPUA BARAT DAYA;L;
435;GHUFRAN;Fraksi Partai Keadilan Sejahtera;ACEH I;L;
436;Dr. H.M. NASIR DJAMIL, M.Si.;Fraksi Partai Keadilan Sejahtera;ACEH II;L;
437;Ir. H. TIFATUL SEMBIRING;Fraksi Partai Keadilan Sejahtera;SUMATERA UTARA I;L;
438;H. ANSORY SIREGAR;Fraksi Partai Keadilan Sejahtera;SUMATERA UTARA III;L;
439;H. RAHMAT SALEH, S.Farm.;Fraksi Partai Keadilan Sejahtera;SUMATERA BARAT I;L;
440;NEVI ZUAIRINA;Fraksi Partai Keadilan Sejahtera;SUMATERA BARAT II;P;
441;H. HENDRY MUNIEF, M.B.A.;Fraksi Partai Keadilan Sejahtera;RIAU I;L;
442;Dr. SYAHRUL AIDI MAAZAT, L.c., M.A.;Fraksi Partai Keadilan Sejahtera;RIAU II;L;
443;Drs. H. MOHD. IQBAL ROMZI;Fraksi Partai Keadilan Sejahtera;SUMATERA SELATAN I;L;
444;H. ASKWENI, S.Pd.;Fraksi Partai Keadilan Sejahtera;SUMATERA SELATAN II;L;
445;Dr. AL MUZZAMMIL YUSUF, M.Si.;Fraksi Partai Keadilan Sejahtera;LAMPUNG I;L;
446;Dr. Ir. H.A. JUNAIDI AULY, M.M.;Fraksi Partai Keadilan Sejahtera;LAMPUNG II;L;
447;Dr. H. MARDANI ALI SERA, M.Eng.;Fraksi Partai Keadilan Sejahtera;DKI JAKARTA I;L;
448;Dr. Hj. ANIS BYARWATI;Fraksi Partai Keadilan Sejahtera;DKI JAKARTA I;P;
449;Dr. H. M. HIDAYAT NUR WAHID, M.A.;Fraksi Partai Keadilan Sejahtera;DKI JAKARTA II;L;
450;Dr. Hj. KURNIASIH MUFIDAYATI, M.Si.;Fraksi Partai Keadilan Sejahtera;DKI JAKARTA II;P;
451;Drs. H. ADANG DARADJATUN;Fraksi Partai Keadilan Sejahtera;DKI JAKARTA III;L;
452;Hj. LEDIA HANIFA A., S.Si., M.Psi.T.;Fraksi Partai Keadilan Sejahtera;JAWA BARAT I;P;
453;Dr. H. AHMAD HERYAWAN, Lc., M.Si.;Fraksi Partai Keadilan Sejahtera;JAWA BARAT II;L;
454;H. ECKY AWAL MUCHARAM;Fraksi Partai Keadilan Sejahtera;JAWA BARAT III;L;
455;drh. SLAMET;Fraksi Partai Keadilan Sejahtera;JAWA BARAT IV;L;
456;drh. H. ACHMAD RU'YAT, M.Si.;Fraksi Partai Keadilan Sejahtera;JAWA BARAT V;L;
457;MAHFUDZ ABDURRAHMAN, S.Sos.;Fraksi Partai Keadilan Sejahtera;JAWA BARAT VI;L;
458;H. MUHAMMAD KHOLID, S.E., M.Si.;Fraksi Partai Keadilan Sejahtera;JAWA BARAT VI;L;
459;H. JALAL ABDUL NASIR, Ak.;Fraksi Partai Keadilan Sejahtera;JAWA BARAT VII;L;
460;Dr. Hj. NETTY PRASETIYANI, M.Si.;Fraksi Partai Keadilan Sejahtera;JAWA BARAT VIII;P;
461;Ir. H. ATENG SUTISNA;Fraksi Partai Keadilan Sejahtera;JAWA BARAT IX;L;
462;Dr. K.H. SURAHMAN HIDAYAT, Lc., M.A.;Fraksi Partai Keadilan Sejahtera;JAWA BARAT X;L;
463;H. MOHAMAD SOHIBUL IMAN, M.Sc., Ph.D.;Fraksi Partai Keadilan Sejahtera;JAWA BARAT XI;L;
464;Dr. H. MUH. HARIS, S.S., M.Si.;Fraksi Partai Keadilan Sejahtera;JAWA TENGAH I;L;
465;Drs. H. HAMID NOOR YASIN, M.M.;Fraksi Partai Keadilan Sejahtera;JAWA TENGAH IV;L;
466;Dr. H. ABDUL KHARIS ALMASYHARI, S.E., M.Si.;Fraksi Partai Keadilan Sejahtera;JAWA TENGAH V;L;
467;ROFIK HANANTO, S.E.;Fraksi Partai Keadilan Sejahtera;JAWA TENGAH VII;L;
468;H. YANUAR ARIF WIBOWO, S.H.;Fraksi Partai Keadilan Sejahtera;JAWA TENGAH VIII;L;
469;Dr. H. ABDUL FIKRI FAQIH, M.M.;Fraksi Partai Keadilan Sejahtera;JAWA TENGAH IX;L;
470;RIZAL BAWAZIER;Fraksi Partai Keadilan Sejahtera;JAWA TENGAH X;L;
471;Dr. H. SUKAMTA;Fraksi Partai Keadilan Sejahtera;DAERAH ISTIMEWA YOGYAKARTA;L;
472;RENI ASTUTI, S.Si., M.PSDM.;Fraksi Partai Keadilan Sejahtera;JAWA TIMUR I;P;
473;AMIN, Ak., M.M.;Fraksi Partai Keadilan Sejahtera;JAWA TIMUR IV;L;
474;dr. GAMAL;Fraksi Partai Keadilan Sejahtera;JAWA TIMUR V;L;
475;RIYONO, S.Kel., M.Si.;Fraksi Partai Keadilan Sejahtera;JAWA TIMUR VII;L;
476;Hj. MEITRI CITRA WARDANI, S.H.;Fraksi Partai Keadilan Sejahtera;JAWA TIMUR VIII;P;
477;Dr. H. JAZULI JUWAINI, M.A.;Fraksi Partai Keadilan Sejahtera;BANTEN II;L;
478;HABIB IDRUS SALIM ALJUFRI, Lc., M.B.A.;Fraksi Partai Keadilan Sejahtera;BANTEN III;L;
479;H. JOHAN ROSIHAN, S.T.;Fraksi Partai Keadilan Sejahtera;NUSA TENGGARA BARAT I;L;
480;ABDUL HADI, S.E., M.M.;Fraksi Partai Keadilan Sejahtera;NUSA TENGGARA BARAT II;L;
481;H. ALIFUDIN, S.E., M.M.;Fraksi Partai Keadilan Sejahtera;KALIMANTAN BARAT I;L;
482;HABIB ABOE BAKAR ALHABSYI, S.E.;Fraksi Partai Keadilan Sejahtera;KALIMANTAN SELATAN I;L;
483;K.H. AUS HIDAYAT NUR;Fraksi Partai Keadilan Sejahtera;KALIMANTAN TIMUR;L;
484;Hj. MEITY RAHMATIA, S.E., S.Pd., M.M.;Fraksi Partai Keadilan Sejahtera;SULAWESI SELATAN I;P;
485;ISMAIL, S.K.M, M.M.;Fraksi Partai Keadilan Sejahtera;SULAWESI SELATAN II;L;
486;SAADIAH ULUPUTTY, S.T.;Fraksi Partai Keadilan Sejahtera;MALUKU;P;
487;IZZUDDIN ALQASSAM KASUBA;Fraksi Partai Keadilan Sejahtera;MALUKU UTARA;L;
488;H. NAZARUDDIN DEK GAM, S.I.P.;Fraksi Partai Amanat Nasional;ACEH I;L;
489;Dr. SALEH PARTAONAN DAULAY, M.Ag., M.Hum., M.A.;Fraksi Partai Amanat Nasional;SUMATERA UTARA II;L;
490;H. NASRIL BAHAR, S.E.;Fraksi Partai Amanat Nasional;SUMATERA UTARA III;L;
491;ATHARI GAUTHI ARDI, S.H.;Fraksi Partai Amanat Nasional;SUMATERA BARAT I;P;
492;H. ARISAL AZIZ;Fraksi Partai Amanat Nasional;SUMATERA BARAT II;L;
493;Ir. H. SAHIDIN;Fraksi Partai Amanat Nasional;RIAU II;L;
494;H. A. BAKRI H.M., S.E.;Fraksi Partai Amanat Nasional;JAMBI;L;
495;H. ISKANDAR, S.E.;Fraksi Partai Amanat Nasional;SUMATERA SELATAN II;L;
496;Dr. drh. Hj. DEWI CORYATI, M.Si.;Fraksi Partai Amanat Nasional;BENGKULU;P;
497;PUTRI ZULKIFLI HASAN, S.Mn., M.Bus.;Fraksi Partai Amanat Nasional;LAMPUNG I;P;
498;Ir. H. IRHAM JAFAR LAN PUTRA, M.H.;Fraksi Partai Amanat Nasional;LAMPUNG II;L;
499;EKO HENDRO PURNOMO, S.Sos.;Fraksi Partai Amanat Nasional;DKI JAKARTA I;L;
500;SURYA UTAMA, S.I.P.;Fraksi Partai Amanat Nasional;DKI JAKARTA II;L;
501;SIGIT PURNOMO, S.A.P.;Fraksi Partai Amanat Nasional;DKI JAKARTA III;L;
502;H. AHMAD NAJIB QODRATULLAH, S.E., M.H.;Fraksi Partai Amanat Nasional;JAWA BARAT II;L;
503;H. EDDY SOEPARNO, S.H., M.H.;Fraksi Partai Amanat Nasional;JAWA BARAT III;L;
504;Dr. DESY RATNASARI, M.Si., M.Psi., Psikolog.;Fraksi Partai Amanat Nasional;JAWA BARAT IV;P;
505;PRIMUS YUSTISIO, S.E., M.A.P.;Fraksi Partai Amanat Nasional;JAWA BARAT V;L;
506;VERRELL BRAMASTA;Fraksi Partai Amanat Nasional;JAWA BARAT VII;L;
507;FARAH PUTERI NAHLIA, B.A., M.Sc.;Fraksi Partai Amanat Nasional;JAWA BARAT IX;P;
508;Ir. H. HERRY DERMAWAN;Fraksi Partai Amanat Nasional;JAWA BARAT X;L;
509;MUHAMMAD HOERUDIN AMIN, S.Ag., M.H.;Fraksi Partai Amanat Nasional;JAWA BARAT XI;L;
510;MUHAMMAD HATTA;Fraksi Partai Amanat Nasional;JAWA TENGAH V;L;
511;AQIB ARDIANSYAH, M.Si.;Fraksi Partai Amanat Nasional;JAWA TENGAH VII;L;
512;WAHYUDIN NOOR ALY ;Fraksi Partai Amanat Nasional;JAWA TENGAH IX;L;
513;H. TOTOK DARYANTO, S.E.;Fraksi Partai Amanat Nasional;DAERAH ISTIMEWA YOGYAKARTA;L;
514;ARIZAL TOM LIWAFA, S.T., M.M., M.H.;Fraksi Partai Amanat Nasional;JAWA TIMUR I;L;
515;SYAIFUL NURI;Fraksi Partai Amanat Nasional;JAWA TIMUR II;L;
516;Dr. Ir. H. AHMAD RIZKI SADIG, M.Si.;Fraksi Partai Amanat Nasional;JAWA TIMUR VI;L;
517;ABDUL HAKIM BAFAGIH;Fraksi Partai Amanat Nasional;JAWA TIMUR VIII;L;
518;H. SLAMET ARIYADI, S.Psi., M.Sos.;Fraksi Partai Amanat Nasional;JAWA TIMUR XI;L;
519;H. EDISON SITORUS, S.T.;Fraksi Partai Amanat Nasional;BANTEN II;L;
520;OKTA KUMALA DEWI, S.E., M.Ak.;Fraksi Partai Amanat Nasional;BANTEN III;P;
521;H. M. MUAZZIM AKBAR, S.I.P.;Fraksi Partai Amanat Nasional;NUSA TENGGARA BARAT II;L;
522;AHMAD YOHAN, M.Si.;Fraksi Partai Amanat Nasional;NUSA TENGGARA TIMUR I;L;
523;H. BOYMAN HARUN, S.H.;Fraksi Partai Amanat Nasional;KALIMANTAN BARAT I;L;
524;MUHAMMAD SYAUQIE, S.Hut.;Fraksi Partai Amanat Nasional;KALIMANTAN TENGAH;L;
525;Ir. PANGERAN KHAIRUL SALEH, M.M.;Fraksi Partai Amanat Nasional;KALIMANTAN SELATAN I;L;
526;ENDANG AGUSTINA, S.Sos., M.H.;Fraksi Partai Amanat Nasional;KALIMANTAN SELATAN II;L;
527;H. SUDIAN NOOR;Fraksi Partai Amanat Nasional;KALIMANTAN SELATAN II;L;
528;EDI OLOAN PASARIBU, S.T., M.M.;Fraksi Partai Amanat Nasional;KALIMANTAN TIMUR;L;
529;Dr. SARIFUDDIN SUDDING, S.H., M.H.;Fraksi Partai Amanat Nasional;SULAWESI TENGAH;L;
530;Dr. H. ASHABUL KAHFI, M.Ag.;Fraksi Partai Amanat Nasional;SULAWESI SELATAN I;L;
531;Dr. Ir. Hj. ANDI YULIANI PARIS, M.Sc.;Fraksi Partai Amanat Nasional;SULAWESI SELATAN II;P;
532;Drs. H. MUSLIMIN BANDO, M.Pd.;Fraksi Partai Amanat Nasional;SULAWESI SELATAN III;L;
533;AJBAR, S.P.;Fraksi Partai Amanat Nasional;SULAWESI BARAT;L;
534;WIDYA PRATIWI, S.H.;Fraksi Partai Amanat Nasional;MALUKU;P;
535;PAULUS UBRUANGGE, A.Md.IP.;Fraksi Partai Amanat Nasional;PAPUA PEGUNUNGAN;L;
536;H.TEUKU IBRAHIM, S.T., M.M.;Fraksi Partai Demokrat;ACEH I;L;
537;H. MUHAMMAD LOKOT NASUTION, S.T.;Fraksi Partai Demokrat;SUMATERA UTARA I;L;
538;Drs. SABAM SINAGA, M.M.;Fraksi Partai Demokrat;SUMATERA UTARA II;L;
539;Dr. HINCA I.P. PANDJAITAN XIII, S.H., M.H., ACCS.;Fraksi Partai Demokrat;SUMATERA UTARA III;L;
540;Ir. H. MULYADI;Fraksi Partai Demokrat;SUMATERA BARAT II;L;
541;Dr. H. ACHMAD, M.Si.;Fraksi Partai Demokrat;RIAU I;L;
542;Drs. H. ZULFIKAR ACHMAD;Fraksi Partai Demokrat;JAMBI;L;
543;Ir. H. ISHAK MEKKI, M.M.;Fraksi Partai Demokrat;SUMATERA SELATAN I;L;
544;WAHYU SANJAYA, S.E., M.M.;Fraksi Partai Demokrat;SUMATERA SELATAN II;L;
545;H. ZULKIFLI ANWAR;Fraksi Partai Demokrat;LAMPUNG I;L;
546;MARWAN CIK ASAN;Fraksi Partai Demokrat;LAMPUNG II;L;
547;NURWAYAH, S.Pd.;Fraksi Partai Demokrat;DKI JAKARTA III;P;
548;H. FATHI;Fraksi Partai Demokrat;JAWA BARAT I;L;
549;Dr. DEDE YUSUF MACAN EFFENDI, S.T., M.I.Pol.;Fraksi Partai Demokrat;JAWA BARAT II;L;
550;IMAN ADINUGRAHA, S.E., Akt.;Fraksi Partai Demokrat;JAWA BARAT IV;L;
551;H. ANTON SUKARTONO SURATTO, M.Si.;Fraksi Partai Demokrat;JAWA BARAT V;L;
552;dr. Hj. CELLICA NURRACHADIANA, M.H.Kes.;Fraksi Partai Demokrat;JAWA BARAT VII;P;
553;Dr. Ir. H.E. HERMAN KHAERON, M.Si.;Fraksi Partai Demokrat;JAWA BARAT VIII;L;
554;dr. RAJA FAISAL MANGANJU SITORUS;Fraksi Partai Demokrat;JAWA TENGAH I;L;
555;HARMUSA OKTAVIANI, S.E., M.H. ;Fraksi Partai Demokrat;JAWA TENGAH III;P;
556;RINTO SUBEKTI, S.E., M.M.;Fraksi Partai Demokrat;JAWA TENGAH IV;L;
557;BRAMANTYO SUWONDO, M.IR;Fraksi Partai Demokrat;JAWA TENGAH VI;L;
558;H. WASTAM, S.E., S.H., M.H.;Fraksi Partai Demokrat;JAWA TENGAH VIII;L;
559;Dra. LUCY KURNIASARI;Fraksi Partai Demokrat;JAWA TIMUR I;P;
560;DINA LORENZA AUDRIA, S.I.P.;Fraksi Partai Demokrat;JAWA TIMUR III;P;
561;Dr. EDHIE BASKORO YUDHOYONO, B.Com., M.Sc.;Fraksi Partai Demokrat;JAWA TIMUR VII;L;
562;Dr. SARTONO, S.E., M.M.;Fraksi Partai Demokrat;JAWA TIMUR VII;L;
563;Drs. H. GUNTUR SASONO, M.Si.;Fraksi Partai Demokrat;JAWA TIMUR VIII;L;
564;H. HASANI BIN ZUBER, S.IP., M.KP.;Fraksi Partai Demokrat;JAWA TIMUR XI;L;
565;RIZKI AULIA RAHMAN NATAKUSUMAH;Fraksi Partai Demokrat;BANTEN I;L;
566;ZULFIKAR HAMONANGAN, S.H.;Fraksi Partai Demokrat;BANTEN III;L;
567;TUTIK KUSUMA WARDHANI, S.E., M.M., M.Kes.;Fraksi Partai Demokrat;BALI;P;
568;Dr. Ir. H. NANANG SAMODRA K.A., M.Sc.;Fraksi Partai Demokrat;NUSA TENGGARA BARAT II;L;
569;Dr. BENNY KABUR HARMAN, S.H.;Fraksi Partai Demokrat;NUSA TENGGARA TIMUR I;L;
570;ANITA JACOBA GAH, S.E.;Fraksi Partai Demokrat;NUSA TENGGARA TIMUR II;P;
571;BAMBANG PURWANTO, S.ST., M.H.;Fraksi Partai Demokrat;KALIMANTAN TENGAH;L;
572;HASAN SALEH;Fraksi Partai Demokrat;KALIMANTAN UTARA;L;
573;Dr. HILLARY BRIGITTA LASUT, S.H., LL.M.;Fraksi Partai Demokrat;SULAWESI UTARA;P;
574;ELLEN ESTHER PELEALU, S.E.;Fraksi Partai Demokrat;SULAWESI TENGAH;P;
575;ANDI MUZAKKIR AQIL, S.H., M.H.;Fraksi Partai Demokrat;SULAWESI SELATAN II;L;
576;Irjen. Pol. (Purn) Drs. FREDERIK KALALEMBANG;Fraksi Partai Demokrat;SULAWESI SELATAN III;L;
577;RUSDA MAHMUD;Fraksi Partai Demokrat;SULAWESI TENGGARA;L;
578;MUH. ZULFIKAR SUHARDI, S.IP.;Fraksi Partai Demokrat;SULAWESI BARAT;L;
579;FAUJIA HELGA Br. TAMPUBOLON;Fraksi Partai Demokrat;PAPUA BARAT DAYA;P;
580;WIBOWO PRASETYO;Fraksi Partai Demokrasi Indonesia Perjuangan;JAWA TENGAH VI;L;